<?xml version="1.0" encoding="UTF-8"?>
<!DOCTYPE hibernate-configuration PUBLIC
		"-//Hibernate/Hibernate Configuration DTD 3.0//EN"
		"http://www.hibernate.org/dtd/hibernate-configuration-3.0.dtd">
<hibernate-configuration>
    <session-factory>
        <property name="hibernate.connection.driver_class">org.postgresql.Driver</property>
        <property name="hibernate.connection.password">postgres</property>
        <property name="hibernate.connection.url">jdbc:postgresql://localhost:5432/eventos</property>
        <property name="hibernate.connection.username">postgres</property>
        <property name="hibernate.default_schema">public</property>
        <property name="hibernate.dialect">org.hibernate.dialect.PostgreSQLDialect</property>
        <mapping  class="com.fran.apirest.models.entity.Evento" />
        <mapping  class="com.fran.apirest.models.entity.Usuario" />
        <mapping  class="com.fran.apirest.models.entity.DatosUsuario" />
    </session-factory>
</hibernate-configuration>
