<?xml version="1.0" encoding="UTF-8"?>
<!DOCTYPE hibernate-configuration PUBLIC
		"-//Hibernate/Hibernate Configuration DTD 3.0//EN"
		"http://www.hibernate.org/dtd/hibernate-configuration-3.0.dtd">
<hibernate-configuration>
    <session-factory>
        <property name="hibernate.connection.driver_class">org.postgresql.Driver</property>
        <property name="hibernate.connection.password">postgres</property>
        <property name="hibernate.connection.url">jdbc:postgresql://localhost:5432/eoisw</property>
        <property name="hibernate.connection.username">postgres</property>
        <property name="hibernate.default_schema">public</property>
        <property name="hibernate.dialect">org.hibernate.dialect.PostgreSQLDialect</property>
    	<mapping  class="com.fran.sw.entidades.Films" />
    	<mapping  class="com.fran.sw.entidades.People" />
    	<mapping  class="com.fran.sw.entidades.Planets" />
    	<mapping  class="com.fran.sw.entidades.Species" />
    	<mapping  class="com.fran.sw.entidades.Starships" />
    	<mapping  class="com.fran.sw.entidades.Vehicles" />
    </session-factory>
</hibernate-configuration>
